like,598
oh,587
love,463
know,382
yeah,317
get,307
baby,307
got,302
We,277
want,248
Oh,245
gon,232
go,231
never,230
let,222
night,215
'Cause,212
one,203
make,189
hey,186
way,180
So,172
see,171
back,169
I'mma,166
Yeah,161
feel,156
come,155
take,149
right,147
say,140
tonight,135
girl,133
time,132
heart,124
ever,123
life,120
If,118
Let,118
put,114
That,114
'd,112
Now,112
Baby,111
ooh,110
Hey,109
need,108
What,104
:,102
good,102
Like,101
ya,95
ai,93
look,93
Just,93
hands,93
All,89
...,89
show,88
world,86
My,85
better,83
eh,83
things,82
``,80
This,79
tell,78
call,77
bad,77
think,77
stop,77
turn,77
'',75
'em,75
head,75
break,75
going,73
name,72
us,71
'cause,71
said,69
without,68
stay,67
home,67
give,67
away,66
Tonight,66
No,65
keep,64
eyes,64
run,63
boy,63
lights,63
really,62
wish,61
floor,61
around,60
every,60
Take,60
hard,59
body,59
When,57
nothing,56
Come,56
ta,56
day,55
hear,55
hold,54
touch,54
black,53
little,52
mind,51
young,51
happy,51
everything,50
yellow,50
real,49
still,49
party,48
shit,47
thing,47
find,47
long,47
mine,47
Make,47
man,47
always,46
sexy,46
Got,46
feeling,46
Put,45
wiggle,45
wrong,44
leave,44
along,44
live,44
In,44
rock,44
crazy,43
Your,43
die,43
Girl,42
enough,42
Get,42
came,42
less,42
To,41
hand,41
fall,41
One,41
Love,41
Whoa,41
till,41
high,41
lucky,41
Can,40
something,40
alone,40
last,40
club,40
'bout,40
born,40
Ooh,40
babe,39
Only,39
big,39
edge,39
lie,38
Give,38
sky,37
might,37
getting,37
bang,37
There,36
sun,36
friends,36
song,36
For,36
A,35
remember,35
best,35
together,35
blow,35
money,35
another,34
stand,34
move,34
gone,34
dance,34
air,34
trouble,34
whistle,34
Ho,34
close,33
uh,33
knew,33
beautiful,33
trying,33
fly,33
goes,33
beat,33
They,32
believe,32
care,32
lose,32
rude,32
How,32
problem,32
light,32
huh,31
Because,31
inside,31
fire,31
la,31
ah,31
calling,31
bright,31
low,30
burn,30
hit,30
bed,30
found,30
Ca,30
stars,29
lovin,29
mean,29
walk,29
new,29
DJ,29
place,28
talk,28
everybody,28
forget,28
play,28
side,28
dream,27
Then,27
girls,27
even,27
fight,27
road,27
G6,27
Na,27
Is,27
romance,27
makes,27
alive,27
ha,26
hate,26
feelin,26
used,26
loud,26
yes,26
met,26
looking,26
Never,26
made,26
dancing,26
game,25
nothin,25
Where,25
Till,25
woah,25
awake,25
work,25
Boom,25
part,25
diamond,25
much,24
Everybody,24
Alejandro,24
else,24
wide,24
diamonds,24
Clap,24
face,23
Damn,23
fuck,23
first,23
Boy,23
Say,23
start,23
Show,23
guess,22
somebody,22
set,22
stuck,22
whoa,22
Oooh,22
Why,22
stronger,22
lot,22
ends,22
deep,22
Bass,22
maybe,21
With,21
ride,21
damn,21
fucking,21
two,21
stereo,21
ass,21
Well,21
gosh,21
doctor,21
wild,20
try,20
forever,20
felt,20
heard,20
save,20
Looking,20
Shine,20
butt,20
animals,20
phone,19
coming,19
chick,19
took,19
watch,19
alright,19
swear,19
anything,19
Jagger,19
reach,19
fell,19
told,19
soul,19
Last,19
roll,19
room,19
Friday,19
someone,19
Look,19
roar,19
ooh-ooh,19
pretend,18
chance,18
end,18
sound,18
change,18
number,18
left,18
drunk,18
running,18
See,18
knows,18
ready,18
Turn,18
sleep,18
Sometimes,18
moment,18
Today,18
dark,18
kill,18
moves,18
applause,18
hell,17
nobody,17
lost,17
sing,17
kiss,17
perfect,17
next,17
Maybe,17
house,17
cold,17
sure,17
must,17
top,17
hot,17
pop,17
dreams,17
drug,17
free,17
Want,17
Here,17
hopeless,17
full,17
truth,17
meant,17
fine,17
dirty,17
Talk,17
Does,17
Wiggle,17
people,16
music,16
On,16
hair,16
Yes,16
town,16
bit,16
please,16
thought,16
lady,16
TRUE,16
Ale-Alejandro,16
bitch,16
open,16
counting,16
shine,16
minute,16
Would,16
understand,16
kids,16
Bang,16
track,16
ê°•ë‚¨ì__íƒ€ìù_,16
whole,15
Stop,15
car,15
Nothing,15
booty,15
hurts,15
As,15
Throw,15
different,15
storm,15
ground,15
livin,15
Who,15
Break,15
shake,15
California,15
may,15
thinkin,15
hope,15
miss,15
fairytale,15
bass,15
went,15
glad,15
gave,15
pumped,15
danced,15
super,15
rain,15
Wait,15
dollars,15
staring,14
yo,14
N-n-n-nothin,14
n-nothin,14
tryna,14
Hands,14
amazing,14
many,14
times,14
waiting,14
sick,14
drop,14
father,14
bar,14
busy,14
drink,14
melody,14
-,14
falling,14
line,14
already,14
Said,14
telephone,14
wanted,14
boom,14
saw,14
nigga,14
mirror,14
bring,14
fallin,14
Keep,14
rolling,14
Black,14
walked,14
kicks,14
belong,14
motherfucker,14
gentleman,14
wait,13
afraid,13
roof,13
Party,13
screaming,13
kind,13
Be,13
door,13
Gon,13
making,13
control,13
million,13
asleep,13
higher,13
niggas,13
Light,13
losing,13
eat,13
clear,13
J,13
treasure,13
lonely,13
shame,13
nights,13
Aye,13
happiness,13
ceiling,13
Ooh-ooh,13
anaconda,13
comes,12
plans,12
done,12
fun,12
seen,12
smile,12
lips,12
tear,12
Rihanna,12
though,12
Go,12
strong,12
Pitbull,12
boyfriend,12
played,12
known,12
hanging,12
city,12
sunlight,12
anymore,12
Eh,12
hide,12
throw,12
Every,12
radio,12
tomorrow,12
Nicki,12
bitches,12
almost,12
Bring,12
&,12
age,12
A-P-P-L-A-U-S-E,12
Iggy,12
rule,12
Marry,12
#NAME?,12
#NAME?,12
Happy,12
timber,12
use,11
Before,11
well,11
words,11
pull,11
feels,11
gettin,11
fuckin,11
ways,11
broken,11
doin,11
promise,11
Time,11
eye,11
round,11
singin,11
ay,11
gun,11
Not,11
broke,11
wake,11
loved,11
jeans,11
clothes,11
pocket,11
telling,11
Cause,11
everywhere,11
far,11
Everything,11
help,11
smell,11
God,11
rest,11
locked,11
sex,11
suit,11
white,11
guy,11
bones,11
Tears,11
mother,11
ì˜_ë__,11
radioactive,11
Ooh-oh,11
days,10
tryin,10
I-I-I,10
past,10
thinking,10
pay,10
Even,10
Back,10
steal,10
okay,10
single,10
takes,10
cry,10
lay,10
somethin,10
probably,10
moon,10
write,10
ey,10
pretty,10
Grab,10
kick,10
faster,10
Caught,10
Ra,10
La,10
daughter,10
magic,10
kissed,10
owe,10
Honey,10
I-I-I-I,10
deny,10
stupid,10
Uh,10
Down,10
Young,10
fast,10
glory,10
jump,10
win,10
river,10
clouds,10
missed,10
giving,10
windows,10
ì‚¬ë‚˜ìù´,10
berserk,10
Ohh-oh-oh-oh-ohh,10
Whop,10
Animals,10
#NAME?,10
shooting,9
matter,9
stops,9
ask,9
slow,9
bet,9
apart,9
listen,9
today,9
I'ma,9
tie,9
instead,9
called,9
cloud,9
realize,9
bottles,9
reason,9
saying,9
woke,9
Coast,9
skin,9
Kiss,9
Trying,9
addicted,9
shot,9
second,9
check,9
ra,9
easy,9
ball,9
oh-oh,9
space,9
sometimes,9
mess,9
rockin,9
sweet,9
sister,9
Wan,9
Minaj,9
arms,9
da,9
ow,9
Watch,9
paradise,9
bullet,9
straight,9
Ah,9
Grey,9
mouth,9
a-ha,9
holding,9
Live,9
star,9
awe,9
brighter,9
Think,9
queen,9
luck,9
stones,9
gold,9
cruise,9
lessons,9
fat,9
Jessie,9
airplanes,8
Nothin,8
style,8
meet,8
missing,8
Eminem,8
great,8
push,8
seems,8
looked,8
figure,8
middle,8
Or,8
corner,8
old,8
everyday,8
iPod,8
replay,8
Shawty,8
Ai,8
Some,8
whatever,8
buy,8
'til,8
water,8
boys,8
finally,8
favorite,8
shut,8
twice,8
kinda,8
Please,8
Hot,8
stare,8
crack,8
deal,8
Ey,8
crew,8
beating,8
I-I,8
Mr.,8
billionaire,8
dale,8
Shake,8
Tell,8
crowd,8
Without,8
grab,8
across,8
T.G.I.F,8
whoo,8
realest,8
Flo,8
comin,8
shoes,8
Touch,8
anyway,8
anyone,8
ì—¬ì_ê,8
ê·¸ë_˜,8
ë„ˆ,8
bigger,8
bought,8
nana,8
wreck,8
ì•Œë_‘ê°€ëª°ëù_,8
ë§êìù´ì•_,8
PSY,8
Swing,8
Ariana,8
Grande,8
Am,8
Sink,8
'round,8
End,8
Williams,7
late,7
Somebody,7
outta,7
wasted,7
none,7
thoughts,7
train,7
brain,7
Bruno,7
needs,7
doubt,7
lookin,7
hurt,7
Told,7
games,7
From,7
cut,7
king,7
Fuck,7
raise,7
shoot,7
screamin,7
ice,7
poppin,7
friend,7
rules,7
changed,7
word,7
Are,7
cool,7
Justin,7
oooh,7
West,7
L.A.,7
walls,7
teenage,7
cross,7
Out,7
point,7
revenge,7
lover,7
Work,7
Will,7
slowly,7
beg,7
Hold,7
rise,7
anybody,7
Saying,7
dynamite,7
lasts,7
mistakes,7
goodbye,7
dress,7
daddy,7
step,7
Welcome,7
ho,7
bodies,7
catch,7
spend,7
watching,7
mad,7
blue,7
starts,7
tongue,7
type,7
pain,7
pants,7
outrun,7
beauty,7
beast,7
Shorty,7
firework,7
superstars,7
cup,7
Right,7
Life,7
fame,7
crooks,7
Ne-Yo,7
blowin,7
Switchup,7
pulled,7
Rolling,7
Rida,7
places,7
three,7
snow,7
9,7
Stand,7
taller,7
beginning,7
breath,7
seat,7
carry,7
wiser,7
heaven,7
lines,7
hella,7
I-G-G-Y,7
Dreaming,7
prayin,7
learnt,7
cover,6
worry,6
living,6
summer,6
hi,6
Tokyo,6
New,6
perfectly,6
wind,6
moments,6
pick,6
Holla,6
universe,6
quit,6
brand,6
haters,6
liquor,6
Y'all,6
excuse,6
Sippin,6
808,6
Hell,6
actin,6
Replay-ay-ay-ay,6
Remember,6
fill,6
ropes,6
fantasy,6
talking,6
Ay-oh,6
singing,6
At,6
breaking,6
ones,6
Katy,6
Sex,6
buns,6
c'mon,6
speakers,6
Tik,6
tok,6
clock,6
wonder,6
rather,6
telephoning,6
sipping,6
bubb,6
coat,6
sorry,6
choose,6
Fernando,6
cigarette,6
planet,6
a-yo,6
standing,6
sitting,6
careful,6
Fell,6
swing,6
shots,6
y'all,6
Mars,6
Queen,6
Travie,6
couple,6
Hear,6
sight,6
honey,6
Lil,6
knock,6
Gudda,6
walking,6
lighters,6
Excuse,6
kid,6
5,6
Dre,6
box,6
tied,6
winning,6
darling,6
Nobody,6
scream,6
beats,6
handle,6
animal,6
sweat,6
clap,6
Something,6
Could,6
wanting,6
tattoo,6
louder,6
S-S-S,6
twenty,6
downtown,6
caught,6
stone,6
Home,6
begin,6
Whistle,6
Whi-whistle,6
Spend,6
fighter,6
Feeling,6
waking,6
Starships,6
ë‚˜ë_”,6
ë†ˆ,6
spell,6
half,6
held,6
Been,6
Unless,6
hun,6
champion,6
applause-plause,6
tags,6
Flew,6
resist,6
you-hou-hou,6
optimist,6
drinking,6
monster,6
fancy,6
Lately,6
Sorry,5
flight,5
tried,5
chase,5
Beautiful,5
plastic,5
Whether,5
blame,5
asking,5
baddest,5
Had,5
taking,5
attention,5
High,5
warm,5
yesterday,5
playin,5
window,5
Guess,5
voice,5
tired,5
mayhem,5
teeth,5
standin,5
lift,5
girlfriend,5
Good,5
James,5
Dale,5
Poppin,5
6,5
sippin,5
dime,5
runnin,5
J.,5
dudes,5
Bieber,5
pieces,5
Ludacris,5
school,5
Perry,5
wet,5
fresh,5
beach,5
freak,5
complete,5
worth,5
drum,5
Huh,5
K-kinda,5
shoulda,5
smoke,5
flames,5
ah-ah-ah,5
Ga,5
ga,5
Walk,5
Thinkin,5
Opened,5
traveled,5
realized,5
ten,5
Earth,5
turns,5
saved,5
arm,5
careless,5
surprise,5
picked,5
chest,5
level,5
Okay,5
future,5
Dirty,5
act,5
lipstick,5
front,5
dreaming,5
sleeping,5
Thank,5
speak,5
Wayne,5
pussy,5
taste,5
using,5
sat,5
Little,5
blade,5
weight,5
Alright,5
trash,5
picking,5
feet,5
Have,5
anywhere,5
loose,5
record,5
Hope,5
vision,5
everyone,5
works,5
note,5
volume,5
moving,5
Dance,5
Extraterrestrial,5
power,5
Ended,5
forgot,5
park,5
Our,5
Ow,5
sins,5
older,5
Boom-ba-doom-boom-boom-ba-doom-boom-bass,5
picture,5
family,5
Sticks,5
chains,5
whips,5
excite,5
M-M-M,5
keeps,5
stuntin,5
Reppin,5
whip,5
knees,5
bucket,5
lion,5
miles,5
blows,5
letting,5
drums,5
payphone,5
turned,5
since,5
flip,5
gets,5
ê·¸ëŸ°,5
bathroom,5
dumb,5
dressed,5
signs,5
Enough,5
code,5
horse,5
swinging,5
oh-oh-oh-ohh,5
Nah,5
hunting,5
awesome,5
wrecking,5
Wet,5
dare,5
blood,5
Drunk,5
cake,5
voices,5
widow,5
Jason,5
burning,5
missin,5
yellin,5
B.o.B,4
fashion,4
story,4
sayin,4
paid,4
rap,4
started,4
chasin,4
wondering,4
others,4
London,4
bus,4
Her,4
bother,4
describe,4
disrespectful,4
breathe,4
insane,4
rage,4
records,4
happens,4
wall,4
Whatever,4
weather,4
lettin,4
read,4
tearin,4
Until,4
dick,4
fact,4
Thought,4
breakin,4
clean,4
dead,4
treat,4
Enrique,4
vacation,4
Screaming,4
pass,4
Miami,4
Dev,4
blizzard,4
slizzard,4
sizzurp,4
Three,4
Drink,4
sober,4
bottle,4
scared,4
closer,4
Ay,4
globe,4
Doin,4
fulfill,4
playing,4
street,4
cause,4
Dogg,4
lock,4
fit,4
piece,4
skin-tight,4
morning,4
build,4
calls,4
Wo,4
crave,4
question,4
memories,4
BeyoncÃ©,4
Leave,4
Calling,4
hush,4
Roberto,4
dad,4
burned,4
la-la,4
ma-ma,4
spot,4
tight,4
learn,4
weird,4
understands,4
giddy,4
harder,4
Taio,4
Cruz,4
woman,4
brands,4
working,4
Left,4
lying,4
rebel,4
figured,4
followed,4
brother,4
international,4
flow,4
golden,4
supposed,4
You-you-you-you-you,4
freaky,4
mack,4
before-fore,4
swear-wear,4
tru-u-ue,4
you-ou,4
fair,4
Oprah,4
shining,4
drinks,4
pow,4
wow,4
toe,4
forth,4
Money,4
beside,4
Slow,4
closed,4
haze,4
By,4
Feel,4
ago,4
buzz,4
cried,4
Used,4
cat,4
kicked,4
notice,4
happen,4
World,4
somehow,4
tossed,4
numb,4
message,4
tone,4
nice,4
ray,4
dope,4
mic,4
givin,4
plan,4
kitchen,4
plays,4
Straight,4
York,4
Chevy,4
secret,4
grind,4
poison,4
Ready,4
alien,4
foreign,4
supernatural,4
cards,4
credit,4
mÃ©nage,4
law,4
growin,4
hoes,4
M,4
mama,4
glass,4
loving,4
drag,4
Lord,4
Try,4
imma,4
ego,4
woo,4
Head,4
boom-ba-doom-boom-boom-ba-doom-boom-bass,4
Nayer,4
turning,4
exactly,4
hearts,4
starting,4
fever,4
ahead,4
scars,4
blessings,4
threw,4
bleeding,4
keeping,4
breathing,4
Sia,4
hundred,4
blew,4
sticks,4
bombs,4
Someone,4
bow,4
shirt,4
spent,4
war,4
G,4
pretending,4
Everyone,4
overwhelmed,4
ì•„ë_„ë‹_ì›Œ,4
ì‚¬ë_‘ì__ëŸ¬ì›Œ,4
ë°”ë¡œ,4
counts,4
mmm,4
darkness,4
finding,4
shows,4
cups,4
emotion,4
endlessly,4
enemy,4
ti'l,4
a.m,4
K-Fed,4
short,4
vile,4
pressed,4
farm,4
dust,4
maze,4
unfair,4
Sipping,4
runneth,4
Holy,4
seem,4
reflection,4
tiger,4
thrift,4
shop,4
screw,4
di,4
loves,4
ì™œ,4
Makes,4
Mikky,4
Ekko,4
Shining,4
Robin,4
Thicke,4
sweetheart,4
rubble,4
Azalea,4
web,4
Charli,4
jazzy,4
preying,4
Hunt,4
scent,4
partner,4
Hayley,3
bank,3
Ray,3
Most,3
TV,3
plus,3
heh,3
Georgia,3
plane,3
stares,3
awhile,3
laugh,3
searching,3
compare,3
movin,3
paint,3
dude,3
stoop,3
strength,3
scratch,3
lied,3
bags,3
fault,3
Next,3
dry,3
apologize,3
paper,3
rhythm,3
goin,3
Still,3
demons,3
These,3
cage,3
decision,3
drama,3
Iglesias,3
Pick,3
watchin,3
drip,3
worldwide,3
wife,3
dancin,3
teacher,3
ring,3
palm,3
Tryin,3
travel,3
Once,3
unforgettable,3
Daisy,3
dukes,3
bikinis,3
Sun-kissed,3
melt,3
popsicle,3
undeniable,3
Fine,3
fierce,3
represent,3
Snoop,3
heavy,3
squeeze,3
drive,3
banging,3
sheets,3
pounds,3
rush,3
quarter,3
hello,3
service,3
text,3
answer,3
rejoice,3
Woah,3
stick,3
c-razy,3
passion,3
fingers,3
Did,3
wishing,3
lightning,3
sheep,3
swallow,3
pride,3
command,3
longer,3
wearing,3
celebrate,3
small,3
fear,3
slipping,3
slows,3
Whenever,3
Fergie,3
makin,3
hips,3
will.i.am,3
I'm-I'mma,3
chill,3
energy,3
Big,3
mega,3
pictures,3
ladies,3
tellin,3
Haters,3
decided,3
Mister,3
bound,3
Buy,3
prepare,3
Everyday,3
least,3
split,3
Ha,3
week,3
evil,3
Worldwide,3
Check,3
O-o-oh,3
o-o-oh,3
Michael,3
Red,3
pedal,3
Drake,3
Tyga,3
pose,3
Old,3
shy,3
lives,3
Lift,3
kills,3
cock,3
Marshall,3
thick,3
bullshit,3
hang,3
years,3
hour,3
weed,3
escape,3
spark,3
Pop,3
Should,3
Gave,3
asked,3
grenade,3
Tomorrow,3
vain,3
paralyzed,3
blind,3
either,3
hug,3
Skylar,3
faith,3
given,3
quick,3
Daddy,3
no-o-ote,3
chicka,3
shoulder,3
behind,3
Jennifer,3
Lopez,3
truck,3
Vegas,3
headed,3
lick,3
leash,3
mound,3
pro,3
incredible,3
momma,3
Feels,3
Leaves,3
ki-ki-kiss,3
Infect,3
Fill,3
ta-ta-take,3
victim,3
abduction,3
sky-y-y,3
colors,3
burst,3
doors,3
stranger,3
screwed,3
tabletops,3
maxed,3
boulevard,3
streaking,3
Ã ,3
trois,3
Always,3
sto-op,3
Ripped,3
dipping,3
dangerous,3
ripped,3
har-har-har-ha-ha-hard,3
our-our-our-ou-ou-ours,3
apar-par-par-pa-pa-part,3
dum-dum-du-du-du-dumb,3
num-num-nu-nu-nu-numb,3
youn-youn-yo-yo-yo-young,3
Whoo,3
dat,3
Yo,3
regret,3
insecure,3
Same,3
yet,3
towel,3
Eat,3
looks,3
admire,3
systems,3
sell,3
Beating,3
Boom-boom-ba-doom-boom-boom-ba-doom-boom-bass,3
Outta,3
jam,3
wear,3
Stay,3
pitch,3
bringin,3
remind,3
breathless,3
Wohh,3
Watched,3
pour,3
touched,3
died,3
skies,3
borrow,3
hero,3
Mike,3
Pull,3
Maybach,3
Etta,3
betting,3
rough,3
swag,3
shadow,3
Away,3
promises,3
Crashing,3
Footsteps,3
lighter,3
Thanks,3
exist,3
fairytales,3
expect,3
Man,3
stopped,3
Using,3
desperately,3
ì•„ë_”,3
ì—êì—êì—êì—êì—êì—ê,3
Searching,3
Somewhere,3
Anyway,3
needed,3
peace,3
somewhere,3
ghost,3
sold,3
distance,3
Treasure,3
flowers,3
hours,3
planets,3
ham,3
art,3
Grow,3
beard,3
kit,3
checking,3
system,3
Grail,3
ink,3
Beauty,3
Timberlake,3
Timbaland,3
fixed,3
nines,3
About,3
fatty,3
papers,3
vacancy,3
Comin,3
Two,3
reflections,3
bite,3
Dancin,3
Louder,3
cheer,3
grandpa,3
granddad,3
molly,3
woooo,3
sea,3
become,3
Eye,3
Tried,3
blasted,3
blurred,3
Must,3
nasty,3
pimpin,3
drowning,3
shoulders,3
kept,3
tumbling,3
hills,3
Bringing,3
faded,3
wood,3
swerving,3
killing,3
Ora,3
First,3
Goose,3
lane,3
bold,3
hotel,3
Derulo,3
language,3
explaining,3
Cadillac,3
b-,3
b-bang,3
curves,3
edges,3
imperfections,3
atcha,3
bird,3
tripping,3
planes,3
affair,3
royals,3
Royals,3
luxe,3
ruler,3
Ruler,3
Bee,3
Tough,3
human,3
marry,3
skinny,3
Doing,3
fade,2
lap,2
hoping,2
soon,2
airplane,2
switch,2
job,2
tip,2
Subway,2
rappin,2
wishes,2
politics,2
mixtape,2
slang,2
Decatur,2
Bobby,2
spun,2
direction,2
conscience,2
episode,2
nope,2
Wonder,2
Paris,2
froze,2
Nintendo,2
64,2
Know,2
haha,2
Everywhere,2
shinin,2
compliment,2
sad,2
hates,2
diva,2
rumor,2
neighborhood,2
David,2
Guetta,2
option,2
Me,2
fuzzy,2
spit,2
pin,2
separate,2
aim,2
fist,2
lies,2
liar,2
thinks,2
Relapse,2
shits,2
married,2
Christmas,2
gift,2
curse,2
earth,2
crap,2
honest,2
CD,2
ran,2
Relax,2
circle,2
jumpin,2
startin,2
finger,2
Shout,2
aloud,2
Karamu,2
Fiesta,2
Forever,2
withya,2
White,2
Pa,2
mamita,2
tirame,2
ese,2
baile,2
karamu,2
fiesta,2
Ladies,2
table,2
Cataracs,2
drink-drink,2
actin'-actin,2
bump,2
mall,2
wit,2
poster,2
holster,2
symphony,2
fantasies,2
R.,2
C'mon,2
Instead,2
business,2
Uuh,2
shout,2
whenever,2
Luda,2
compared,2
pound,2
playground,2
journey,2
grass,2
underneath,2
creep,2
sneak,2
Golden,2
sand,2
Jeep,2
tan,2
Wild,2
funny,2
Valentine,2
regrets,2
drove,2
racing,2
Jack,2
toes,2
Boys,2
blowing,2
phones,2
plenty,2
swagger,2
unless,2
Mick,2
crunk,2
junk,2
smack,2
staying,2
Hit,2
strung,2
fried,2
devices,2
hazy,2
affected,2
price,2
crash,2
basement,2
Another,2
GaGa,2
Hello,2
Station,2
takin,2
M-m-my,2
halo,2
Mexico,2
ugly,2
criminal,2
Psycho,2
J'veux,2
ton,2
amour,2
Number,2
shawty,2
ridin,2
Usher,2
More,2
payback,2
wishin,2
fireflies,2
thousand,2
teach,2
hop,2
farewell,2
jar,2
secrets,2
enter,2
leavin,2
worst,2
respect,2
Listen,2
lead,2
wolf,2
college,2
risk,2
couch,2
forward,2
parents,2
crying,2
distress,2
six,2
wore,2
clearer,2
sense,2
chillin,2
A-list,2
trick,2
Lookin,2
freakin,2
Rio,2
billion,2
bouncin,2
Rockin,2
folks,2
binoculars,2
loca,2
Futuristic,2
Livin,2
smasher,2
You-you-you-you-you-you-y-y-y-y-you,2
temperature,2
Havin,2
maggots,2
li-i-ife,2
li-i-i-ow,2
ending,2
Watching,2
gangster,2
Forbes,2
magazine,2
Smiling,2
McCoy,2
list,2
months,2
bro,2
Uh-huh,2
uh-huh,2
suddenly,2
Eyes,2
doo,2
red,2
hustler,2
droppin,2
special,2
Sexy,2
wonderful,2
grown,2
Jackson,2
team,2
Steal,2
judge,2
bag,2
Lloyd,2
Call,2
button,2
lobby,2
Aston,2
Jae,2
Millz,2
flawless,2
mixed,2
Mack,2
settled,2
uninvited,2
hoped,2
reminded,2
flies,2
raised,2
bittersweet,2
flipped,2
wrote,2
5'9,2
iron,2
4,2
Dr.,2
tears,2
career,2
20,2
cats,2
Classic,2
MTV,2
dying,2
company,2
stopping,2
forgive,2
whisper,2
ear,2
devil,2
castle,2
Oho,2
proud,2
strut,2
birthday,2
erase,2
climb,2
son,2
clue,2
struggle,2
Crazy,2
form,2
sign,2
booth,2
cracked,2
death,2
Slim,2
lifeI,2
obvious,2
situation,2
nation,2
motivation,2
reputation,2
rolled,2
dinner,2
waited,2
trigger,2
Run,2
Ru-ru-ru-run,2
Gym,2
Class,2
Heroes,2
tune,2
D,2
Of,2
#NAME?,2
Inception,2
snooze,2
confused,2
Brazil,2
Morocco,2
Ibiza,2
Africa,2
ill,2
trunk,2
7,2
vodka,2
coke,2
Keith,2
1,2
fifty,2
hickey,2
Deep,2
trippin,2
jumping,2
10,2
hourglass,2
passed,2
blast,2
twerk,2
angel,2
glowing,2
nother,2
dimension,2
Lead,2
caving,2
ignite,2
Fourth,2
July,2
waste,2
original,2
holds,2
glow,2
Pictures,2
online,2
blacked,2
blur,2
ruled,2
Chandelier,2
Skinny,2
Jesus,2
glitter,2
Stockings,2
sexified,2
go-o-o,2
talkin,2
cars,2
'n,2
shufflin,2
Step,2
cash,2
naked,2
..your,2
capital,2
H-I-M,2
boudoir,2
religion,2
beige,2
orient,2
D.N.A,2
limits,2
shades,2
Verse,2
dig,2
Niggas,2
Karma,2
shopping,2
cheap,2
Charles,2
2,2
cents,2
wine,2
checkin,2
soft,2
South,2
precious,2
usual,2
share,2
stacks,2
deck,2
saving,2
trip,2
ship,2
lip,2
hoe,2
slicker,2
f,2
coupes,2
chuck,2
deuce,2
panties,2
American,2
guys,2
Kodak,2
Took,2
enjoy,2
deeper,2
affliction,2
square,2
minutes,2
Soon,2
meanin,2
dreamin,2
toast,2
pumpin,2
Knocked,2
engine,2
ballin,2
Count,2
Real,2
Reaching,2
walkin,2
heyeyey,2
minds,2
Goodbye,2
holdin,2
showin,2
tells,2
rescue,2
Club,2
fo,2
champagne,2
bail,2
Saddle,2
tame,2
Running,2
wolves,2
dealer,2
Taiwan,2
Mama,2
hay,2
stack,2
Bugatti,2
mountain,2
oil,2
den,2
genius,2
guilty,2
honor,2
genre,2
spin,2
happened,2
collect,2
believing,2
Swag,2
Find,2
Was,2
tearing,2
tattoos,2
blues,2
muse,2
rings,2
dive,2
Gravity,2
concrete,2
Falling,2
socks,2
youngYou,2
Bet,2
Bruce,2
nervous,2
bridges,2
sets,2
bottom,2
coulda,2
crawling,2
Probably,2
zone,2
month,2
celebration,2
heads,2
Being,2
ë‚®ì—êë_”,2
ë”°ì‚¬ë¡œì_´,2
ì»_í”_,2
ì_ˆë_”,2
ë°_ìù´,2
ì˜_ë©´,2
ì‹¬ì_¥ìù´,2
ì§€ê¸ˆë¶€í„°,2
ê°ˆ,2
ëç°ê_Œì§€,2
ê°€ë__ê_Œ,2
ë_´ìù´ì§€ë§Œ,2
ë†€,2
ë•ê,2
ë…¸ë_”,2
ë¨¸ë_¬,2
ë›°ë_”,2
ê·¸,2
ìœ„ì—ê,2
ë_˜,2
ì¢€,2
crosses,2
heartbeat,2
hiding,2
Nathan,2
cast,2
Tom,2
Hand,2
Jay,2
dreamed,2
apologies,2
closes,2
Carry,2
liked,2
mom,2
songs,2
con,2
Ahh,2
ahh,2
los,2
teroristas,2
Ohohoho,2
spinning,2
force,2
Raise,2
mark,2
rhymes,2
public,2
Bob,2
baw,2
Catch,2
cab,2
smart,2
Aww,2
wipe,2
shaping,2
prison,2
apocalypse,2
spite,2
streets,2
cameras,2
entertainers,2
kidding,2
Nigga,2
bath,2
thirty,2
twelve,2
finer,2
Body,2
hottest,2
ticket,2
Going,2
Jay-Z,2
Ugh,2
Alexander,2
Deuces,2
reflect,2
mystery,2
choice,2
Already,2
brushing,2
thunder,2
Koons,2
culture,2
halfway,2
labels,2
Spread,2
country,2
believer,2
gain,2
fringe,2
stunting,2
Imma,2
keyboard,2
digging,2
Goodwill,2
Uptons,2
t-shirt,2
a-we,2
Dancing,2
strip,2
turnt,2
jumped,2
swung,2
crashing,2
blazing,2
wildest,2
Best,2
í•˜ë_”ê±´ì§€,2
ì_ˆì_–ì•„,2
ë‚œë_¬,2
Mother,2
'Round,2
ecstasy,2
rays,2
Pharrell,2
domesticate,2
nature,2
liberate,2
maker,2
steam,2
homie,2
boo,2
upon,2
Trouble,2
Anywhere,2
stumble,2
fatal,2
Iggz,2
flashing,2
grinding,2
tub,2
surfboard,2
graining,2
Anna,2
Mae,2
spill,2
Wanted,2
balloon,2
huge,2
bothered,2
test,2
Rita,2
thirsty,2
weave,2
shh,2
Drop,2
wrist,2
decline,2
Wow,2
Blow,2
stamps,2
passport,2
Dos,2
neck,2
Bought,2
jet,2
wedding,2
sandwich,2
B,2
N,2
underwater,2
Juicy,2
Gold,2
Bloodstains,2
gowns,2
trashing,2
driving,2
Cadillacs,2
Cristal,2
timepiece,2
Jet,2
islands,2
tigers,2
fish,2
Taking,2
named,2
meals,2
automobile,2
grills,2
appeal,2
boney,2
Jag,2
jab,2
Dun-d-d-dun-dun-d-d-dun-dun,2
Staring,2
Staying,2
genie,1
simpler,1
partyin,1
smashin,1
crashin,1
glitz,1
glam,1
pandemonium,1
madness,1
blackness,1
unfolds,1
fold,1
unravel,1
gate,1
mattered,1
nowadays,1
relevant,1
guessing,1
listened,1
hopin,1
nowBeautiful,1
Hi,1
Regardless,1
carousel,1
Tryna,1
skirts,1
wha,1
honestly,1
ended,1
nonsense,1
redundant,1
nevermind,1
package,1
taxes,1
Woman,1
Mr,1
Fantastic,1
Orleans,1
hearing,1
MarsOh,1
falls,1
asks,1
yeahAkon,1
Akon,1
chickI,1
Refused,1
forgotten,1
mission,1
Too,1
apartRihanna,1
steel,1
knife,1
windpipe,1
huffin,1
suffer,1
suffocate,1
drown,1
resuscitates,1
leaving,1
Superman,1
Lois,1
Lane,1
awful,1
ashamed,1
snapped,1
laid,1
barely,1
neither,1
chills,1
swore,1
spewing,1
venom,1
claw,1
controls,1
promised,1
restraint,1
pane,1
patterns,1
routine,1
temper,1
blinded,1
relationship,1
tornado,1
meets,1
volcano,1
sidewalk,1
sincerity,1
eyeball,1
pissed,1
tries,1
lieI,1
Might,1
follow,1
lyrics,1
sting,1
causin,1
feed,1
beans,1
gassed,1
stoppin,1
undoubtedly,1
balcony,1
ands,1
buts,1
Infinite,1
album,1
shittin,1
salary,1
hourly,1
bows,1
bowels,1
Whichever,1
worse,1
His,1
urge,1
dirt,1
OK,1
scissors,1
rhyme,1
crowned,1
capped,1
fans,1
Perhaps,1
accents,1
click-clack-bloww,1
mapped,1
follows,1
exorcise,1
motherfuckers,1
jacks,1
mannin,1
fed,1
Admittedly,1
subliminally,1
helped,1
ringer,1
bees,1
stingers,1
beef,1
flingers,1
focus,1
solely,1
handlin,1
responsibilities,1
solemnly,1
daughters,1
shingle,1
pub,1
counter,1
raisin,1
gazin,1
amazin,1
roadPitbull,1
Set,1
misbehaving,1
begging,1
Round,1
species,1
DC,1
House,1
lawn,1
Tiger,1
Woods,1
Jesse,1
Equals,1
Barack,1
Michelle,1
fuera,1
calle,1
shaking,1
Kev,1
Nish,1
Mo-MoÃ«t,1
Cris-Cristal,1
Proghess,1
sizz,1
'a,1
ma-make,1
fizz,1
gangsta,1
crib,1
J-Splif,1
yourâ€”,1
G6Shawty,1
Replay,1
approach,1
Hopin,1
til,1
morn,1
kitchin,1
cookin,1
likes,1
Someday,1
Replay-ay-ay-ayJason,1
DerÃ_lo,1
Beluga,1
Heights,1
solution,1
demonstrate,1
skip,1
foreplay,1
head.Justin,1
item,1
losin,1
fix,1
13,1
star-struck,1
daily,1
Starbucks,1
skipped,1
weekend,1
dazing,1
goneSnoop,1
Greetings,1
greener,1
Warm,1
gin,1
juice,1
Laying,1
trees,1
undone,1
necks,1
peek,1
stilettos,1
Doggy,1
Toned,1
bay,1
Venice,1
Beach,1
Palm,1
Springs,1
Summertime,1
Homeboys,1
Bikinis,1
zucchinis,1
martinis,1
weenies,1
queenie,1
representin,1
girlsYou,1
makeup,1
punch,1
brought,1
February,1
Cali,1
motel,1
built,1
fort,1
puzzle,1
tonightWake,1
P.,1
Diddy,1
glasses,1
brush,1
pedicure,1
Drop-topping,1
CDs,1
Pullin,1
parties,1
tipsy,1
beer,1
lining,1
curb,1
police,1
Police,1
Po-po,1
ohMaybe,1
rehab,1
obsession,1
seeing,1
alley,1
desperate,1
CHORUS,1
advice,1
Mom,1
crisis,1
judgment,1
esteem,1
lovesick,1
crack-head,1
slumber,1
beardPicture,1
scattered,1
Reachin,1
whiskey,1
Wishing,1
sweepin,1
Whoa-oh-whoa,1
nowLady,1
Wha-wha-what,1
disaster,1
collector,1
Lady,1
ri-ringing,1
Grand,1
Central,1
Both,1
D-D-D-Dark,1
child,1
reached,1
hides,1
en,1
su,1
bolsillo,1
firefight,1
Bye,1
AlejandroCaught,1
ra-ma-ma,1
disease,1
leather-studded,1
horror,1
design,1
Vertigo,1
Rear,1
Window,1
et,1
je,1
veux,1
revanche,1
romanceI,1
replacement,1
Knowin,1
yearn,1
dreamYou,1
Lit,1
teardrops,1
hugs,1
bugs,1
foxtrot,1
sock,1
beneath,1
disco,1
thread,1
insomniac,1
tire,1
goodbyes,1
misty,1
several,1
bizarre,1
bursting,1
seamsLa,1
thief,1
pillow,1
keepin,1
prisoner,1
worldCome,1
captain,1
rider,1
Giddy,1
Buckle,1
Babe,1
faking,1
honesty,1
â€“,1
bomb,1
heart-breaker,1
deceive,1
evade,1
Problem,1
misbehavin,1
shatter,1
splatter,1
bitty,1
finders,1
keepers,1
losers,1
weepers,1
tyrin,1
karma,1
bone,1
whoaI,1
Higher,1
landing,1
Ha-hands,1
a-a-air,1
dynamiteYou,1
part-time,1
tables,1
Wondering,1
Flash,1
drawer,1
guarded,1
bills,1
2:30,1
AM,1
Braced,1
nowToday,1
prince,1
damsel,1
grey,1
T-shirt,1
fairytalewill.i.am,1
treble,1
motherfuckin,1
deals,1
flicks,1
one-handed,1
flips,1
shakin,1
lickin,1
pics,1
fliest,1
spreadin,1
wings,1
this-a,1
s-,1
that-a,1
21st,1
century,1
infinity,1
Rich,1
upgraded,1
negro,1
average,1
brilliant,1
millions,1
Loan,1
trillion,1
Lehman,1
loanin,1
semen,1
Honies,1
debt,1
checks,1
chicks,1
rich,1
Sick,1
goal,1
Reason,1
pickin,1
bubbly,1
Coolin,1
Taboo,1
blog,1
popular,1
flock,1
fuego,1
lo,1
apl.de.ap,1
apl.de,1
infinite,1
B.E.P,1
definitely,1
next-level,1
musically,1
Powerful,1
sonically,1
Sending,1
positivity,1
Across,1
seven,1
seas,1
families,1
Rock,1
expectin,1
cheese,1
Peas,1
join,1
festivities,1
Celebrate,1
beThis,1
mo,1
People,1
burnin,1
Has,1
Gettin,1
freakier,1
bougie,1
All-all,1
callin,1
rollin,1
Stone,1
Jet-setter,1
jet-lagger,1
messin,1
Messin,1
Chicks,1
Mirror,1
Apl,1
load,1
application,1
Beginning,1
starter,1
goHey,1
stains,1
lobe,1
left-side,1
brains,1
moonbeam,1
collided,1
one-track,1
connection,1
obsessed,1
untrimmed,1
virgin,1
Madonna,1
rug,1
thug,1
TonightBruno,1
host,1
Angelina,1
Brad,1
Pitt,1
adopt,1
bunch,1
babies,1
Mercedes,1
grant,1
Claus,1
minus,1
visit,1
Katrina,1
FEMA,1
theme,1
basketball,1
President,1
dunkin,1
delegates,1
political,1
etiquette,1
Toss,1
milli,1
heck,1
fives,1
twentys,1
tens,1
Bens,1
completely,1
tax,1
bracket,1
recession,1
bucks,1
tummy,1
hungry,1
Eating,1
soundly,1
similar,1
wallet,1
badUsher,1
Side,1
zombie,1
downin,1
mutha,1
drops,1
Swear,1
T.O.,1
movie,1
Tivo,1
swishin,1
dreadlock,1
wrestle,1
headlock,1
Yabba,1
dabba,1
pss,1
Bada,1
bing,1
bada,1
Fallin,1
thank,1
DJOh,1
pop-pop-poppin,1
boobies,1
check-checkin,1
whipped,1
yep,1
supermodel,1
o-oh,1
goshLloyd,1
attracted,1
attractive,1
murderers,1
soccer,1
Cold,1
winter,1
eve,1
thieves,1
Bull,1
n-n-and,1
case,1
Stevie,1
Grocery,1
glue,1
G-Spot,1
Flintstone,1
sideburns,1
pressing,1
downs,1
bike,1
starch,1
egg,1
whites,1
bestest,1
asbestos,1
sushi,1
hotter,1
wasabi,1
race,1
bake,1
Ricky,1
W.,1
disappear,1
GPS,1
recognized,1
tanning,1
romancing,1
caged,1
Oxygen,1
ESPN,1
Lotion,1
emotions,1
Roller,1
coasting,1
posters,1
poke,1
photo,1
loyal,1
focused,1
spoke,1
rejoiced,1
Miss,1
Independent,1
gorgeous,1
Um,1
L-look,1
Mmhm,1
D-do,1
Chris,1
Chorus,1
sung,1
T-Streetz,1
Maine,1
Drizzy,1
Shanell,1
Twist,1
Chuckee,1
MoneyI,1
Bound,1
compares,1
worries,1
cares,1
Regrets,1
spiraled,1
cowards,1
duck,1
struck,1
Fighters,1
fighting,1
em,1
skyward,1
nipple,1
milking,1
illest,1
disagree,1
refusing,1
excuses,1
building,1
pardon,1
cocky,1
prick,1
cocks,1
slick,1
crock-o-shit,1
dicks,1
opposite,1
stayed,1
backwards,1
pricks,1
shove,1
Long,1
luster,1
lacked,1
flustered,1
mustard,1
muster,1
Brain,1
buzzin,1
buzzards,1
Waiting,1
hussy,1
difference,1
skulls,1
usually,1
hater,1
rib,1
thanks,1
Bics,1
6'8,1
Royce,1
outtie,1
advance,1
toting,1
Buying,1
homies,1
Audi,1
Shady,1
Chronic,1
march,1
post,1
office,1
Lebron,1
jersey,1
shitted,1
scary,1
hairy,1
wacky,1
meow,1
cow,1
Pacquiao,1
doomed,1
T-Pain,1
parks,1
autotunes,1
treated,1
Kwame,1
Kilpatrick,1
fantastic,1
gossipin,1
buggin,1
Wendy,1
beehive,1
signing,1
Awards,1
gag,1
forced,1
lightersOw,1
kitten,1
knots,1
Spit,1
ish,1
Sicker,1
remix,1
noticing,1
Hotter,1
Hate,1
Gim,1
hood,1
Easy,1
Mad,1
rip,1
brakes,1
noToday,1
fan,1
tv,1
lounging,1
chilling,1
Snuggie,1
Click,1
dougie,1
freaking,1
P90x,1
degree,1
pops,1
comb,1
allI,1
reign,1
accept,1
estranged,1
sleepless,1
soar,1
Lost,1
youSkylar,1
tape,1
Doubt,1
gray,1
whack,1
lowest,1
breathed,1
dawned,1
fightin,1
brighten,1
enlighten,1
slightest,1
sidekick,1
options,1
ideas,1
puzzled,1
lazy,1
Seems,1
opinions,1
questionin,1
Second,1
guessin,1
beggin,1
leader,1
mentor,1
endure,1
demand,1
believed,1
label,1
risked,1
cryin,1
repay,1
dyin,1
sake,1
literally,1
lifetime,1
jokes,1
smoked,1
Went,1
fair-weather,1
Fuckin,1
backstabbers,1
chips,1
laughed,1
wrath,1
Aftermath,1
faggots,1
lab,1
jackets,1
indecisive,1
crackers,1
Cracker,1
Whack,1
ass-backwards,1
producers,1
bastards,1
packin,1
guarantee,1
remove,1
hunt,1
stunt,1
Winter,1
summertime,1
springs,1
youRobert,1
Hanging,1
cowboy,1
six-shooter,1
closet,1
bringing,1
packed,1
sleight,1
quick-pull,1
wits,1
Ru-ru-ru-ru-run,1
ru-run,1
bulletMy,1
dusty,1
shelf,1
manage,1
Furthermore,1
skipping,1
tracks,1
cracks,1
grudges,1
ancient,1
artifacts,1
softly,1
Heh,1
fifty-pound,1
boombox,1
'member,1
wherever,1
cops,1
crank,1
purchase,1
batteries,1
Appreciate,1
interstate,1
O-oh,1
pray,1
changing,1
Lo,1
generation,1
introduce,1
#NAME?,1
d-d-d-do,1
p-p-p-pump,1
Tonka,1
sh*t,1
Ye-blaaaaaaaahh,1
badonkadonk,1
trail,1
donka,1
chunka,1
Donkey,1
Konged,1
fool,1
vet,1
Sweat,1
#NAME?,1
'Fore,1
flowing,1
50,1
Jeremih,1
O.K,1
dancefloor,1
wristpiece,1
Heard,1
sticky,1
Lets,1
nine,1
whimpy,1
Bally,1
physique,1
but-but,1
Systems,1
thumping,1
shaped,1
Sit,1
bounce,1
sexual,1
edible,1
Heaven,1
independent,1
[,1
Repeated,1
],1
meYou,1
hypnotizing,1
magnetizing,1
floating,1
Different,1
DNA,1
supersonic,1
Stun,1
laser,1
cosmic,1
transcendental,1
wavelength,1
vibrate,1
ExtraterrestrialDo,1
Drifting,1
paper-thin,1
buried,1
Six,1
screams,1
replaced,1
After,1
hurricane,1
rainbow,1
leads,1
bolt,1
moonThere,1
pounding,1
Glitter,1
Pink,1
flamingos,1
pool,1
minibar,1
yard,1
Barbies,1
barbecue,1
bruise,1
Skinny-dipping,1
connect,1
dots,1
boss,1
towed,1
Warrants,1
arrest,1
ginger,1
ale,1
epic,1
fail,1
againHot,1
hipsters,1
course,1
necklaces-es-es,1
serious,1
delirious,1
sellin,1
sleepin,1
Dressin,1
hittin,1
jock,1
Non-stop,1
Booty,1
block,1
gots,1
Tight,1
Half-black,1
half-white,1
domino,1
Gain,1
Op-e-doe,1
Drano,1
devilish,1
reppin,1
Led,1
Zeppelin,1
Shufflin,1
hatin,1
good-good-good,1
shuff-fuf-fullin,1
shufflin'It,1
paws,1
prudence,1
youth,1
sin,1
Believe,1
Mi,1
amore,1
vole,1
fe,1
yah,1
evergreen,1
chola,1
descent,1
Lebanese,1
disabilities,1
outcast,1
bullied,1
teased,1
Rejoice,1
gay,1
bi,1
Lesbian,1
transgendered,1
survive,1
Chola,1
brave,1
wayThere,1
final,1
jealous,1
apron,1
hairnet,1
Devil,1
witness,1
Libra,1
scale,1
weighing,1
forgiveness,1
hoola,1
hoop,1
dangling,1
nose-bleed,1
seats,1
Hook,1
deposit,1
dollar,1
rack,1
vowels,1
dine,1
pulses,1
Choose,1
wisely,1
chosen,1
Rocking,1
asphalt,1
Looked,1
mask,1
North,1
willCut,1
lil,1
young'un,1
blessing,1
seconds,1
transform,1
visions,1
decisions,1
intentions,1
listening,1
dippin,1
bartending,1
strippin,1
crook,1
deserve,1
Far,1
loveOh,1
behave,1
scarred,1
key,1
Wherever,1
steer,1
shifting,1
gears,1
Own,1
rub,1
JaggerThis,1
booming,1
Top,1
A/C,1
cooling,1
blazin,1
coach,1
Sailor,1
slapped,1
my-my-my-my,1
pelican,1
B-b-b-b-b-boom-ba-doom-boom-boom-ba-doom-boom-bass,1
polos,1
Entrepreneur,1
moguls,1
solo,1
do-lo,1
fitted,1
cap,1
sigh,1
Sickening,1
feminine,1
Boom.Bass,1
boom-ba-doom-boom-boom-boom-ba-doom-boom-boom,1
Boom.Bass.boom,1
Times,1
Square,1
negative,1
positive,1
advantage,1
Dubai,1
perform,1
princess,1
endless,1
flowin,1
Hustlers,1
silence,1
tip-toein,1
Lindsay,1
Lohan,1
Reach,1
slip,1
involved,1
Mason,1
Cuba,1
Idol,1
Seacrest,1
tomorrowNa,1
pleasure,1
measure,1
yearning,1
M-M-MOh,1
root,1
sixty-nine,1
eight,1
traffic,1
finish,1
mighty,1
Knows,1
balance,1
challenge,1
explore,1
talent,1
Than,1
surrender,1
Way,1
steamin,1
hotness,1
Perfection,1
gleamin,1
feignin,1
tryin-a,1
holler,1
evenin,1
demon,1
cleanin,1
Jo,1
Signed,1
XO,1
vexed,1
Presto,1
Meantime,1
LOL,1
fishin,1
confess,1
Somethin,1
convo,1
electro,1
Roboto,1
switchup,1
Locked,1
sunk,1
bed-rock,1
Heart,1
love-shot,1
cold-shot,1
head-lock,1
Can't-ca,1
stop-stop,1
won't-wo,1
quit-quit,1
Makin,1
f-f-f-f-f-fiend,1
all-all,1
dose,1
ecsta,1
Addicted,1
Afflicted,1
memory-ory,1
stripe,1
Them,1
Suede,1
insides,1
roarin,1
metal,1
schedule,1
keys,1
jeweler,1
Bitches,1
lesbian,1
Clicquot,1
rocks,1
cant,1
faces,1
Taylored,1
unapproachable,1
Super,1
trips,1
Convertible,1
87,1
peel,1
yellowThere,1
Finally,1
crystal,1
bare,1
underestimate,1
depths,1
despair,1
shared,1
sorrow,1
treasured,1
reap,1
sow,1
beatI,1
rose,1
claim,1
weak,1
Burn,1
burnIf,1
morphine,1
medication,1
ohohoho,1
sacrifices,1
Ooohooohooo,1
Sayin,1
troublesome,1
darlin,1
heyeyeyI,1
trade,1
Pennies,1
dimes,1
foresight,1
maybeDoctor,1
Doctor,1
medicine,1
aching,1
cracking,1
chiropractor,1
onI,1
overthrown,1
Noises,1
within,1
slept,1
unlocked,1
safe,1
foolish,1
pumping,1
Blast,1
vibe,1
dives,1
Surfin,1
fam,1
Shut,1
Playboy,1
bent,1
motto,1
supermodels,1
rocker,1
sho,1
stopper,1
shampoo,1
popper,1
hangover,1
Somehow,1
someway,1
Riled,1
private,1
Stays,1
pri-private,1
untamed,1
bottoms,1
prowl,1
Tear,1
dominate,1
wilds,1
prowlEtta,1
crabs,1
president,1
January,1
gossip,1
Drinking,1
Sip.com,1
Stones,1
spirit,1
Speak,1
Woke,1
winner,1
G5,1
US,1
needle,1
wrap,1
ASAP,1
royal,1
strike,1
Diamond,1
platinum,1
drill,1
land,1
Giving,1
Witness,1
men,1
crown,1
jungle,1
Stronger,1
melee,1
Bill,1
Gates,1
yeahCan,1
Bebop,1
mode,1
stroke,1
plait,1
rope,1
wider,1
order,1
hamstring,1
try'na,1
Permission,1
approved,1
soprano,1
snagging,1
banjo,1
Talented,1
candles,1
amusing,1
musing,1
issue,1
fiction,1
shorty,1
babyNow,1
ache,1
certain,1
sadness,1
resignation,1
admit,1
Reading,1
hung,1
SomebodyIf,1
Chillin,1
eatin,1
fondue,1
falsetto,1
Buzz,1
Lightyear,1
laying,1
Girlfriend,1
w-w-world,1
twirl,1
Voice,1
hook,1
whirlwind,1
Swaggy,1
boyfriendDays,1
Pack,1
chewed,1
drained,1
seams,1
sparkling,1
flame,1
Except,1
noSummer,1
Mustang,1
Radiohead,1
18th,1
matching,1
June,1
Johnny,1
Cash,1
pact,1
removed,1
Saw,1
machine,1
replace,1
awayI,1
landed,1
Need,1
Thunder,1
rumbling,1
Castles,1
crumbling,1
Seeing,1
awakeI,1
Runnin,1
childs,1
whose,1
hunks,1
Stripping,1
Music,1
crush,1
blush,1
warmer,1
Sleepin,1
color,1
Over,1
swingin,1
brokenhearted,1
aloneYeah,1
Le,1
Freak,1
print,1
Redfoo,1
afro,1
Leroy,1
security,1
Speedo,1
cheeks,1
itMaroon,1
Wiz,1
Khalifa,1
spending,1
While,1
Made,1
stunnin,1
Telling,1
Switched,1
Swish,1
Phantom,1
valet,1
Wished,1
Maroon,1
payphoneOoh,1
throwing,1
slamming,1
dysfunctional,1
score,1
hating,1
satisfied,1
RedOne,1
wave,1
clink,1
Found,1
Bud,1
Lite,1
Bad,1
PatrÃ_n,1
Jump,1
hoopty-hoopty-hoop,1
paying,1
rent,1
Twinkle,1
twinkle,1
G-G-G,1
Onika,1
over-think,1
make-up,1
prove,1
beautifulì˜_ë__,1
ìù¸ê°„ì Åìù¸,1
í•œì_”ìù˜,1
ì—¬ìœ ë¥_,1
í’ˆê_©,1
ëœ¨ê±°ì›Œì§€ë_”,1
ë°˜ì „,1
ë„ˆë§ŒíÅ_,1
ì‹ùê¸°ëè„,1
ì „ì—ê,1
ì›êìƒ·,1
ë•Œë_¬ë_”,1
í„°ì ¸ë_„ë_¬ë_”,1
ì •ìˆ™í•´,1
ìù´ë•Œë‹_,1
ì‹¶ìœ_ë©´,1
ë¬¶ì—ˆëç˜,1
í‘¸ë_”,1
ê°€ë ¸ì§€ë§Œ,1
ì›¬ë§Œí•œ,1
ë…¸ì¶œë_´ë‹_,1
ì•_í•œ,1
ê°êê°Åì Åìù¸,1
ì êì_–ì•„,1
ë•Œê°€,1
ëê˜ë©´,1
ì™„ì „,1
ë¯¸ì_êë_„ë_¬ë_”,1
ê·_ìœ¡ë_´ë‹_,1
ì‚¬ìƒÅìù´,1
ì_¸í‰Åë¶ˆí‰Åí•œ,1
ê°•ë‚¨ì__íƒ€ìù_Yellow,1
divide,1
Yellow,1
placeI,1
Ohh..,1
Ohh,1
anyday,1
babeI,1
trust,1
lasted,1
fights,1
indie,1
cooler,1
exhausting,1
togetherMax,1
Siva,1
Max,1
cameIf,1
Bittersweet,1
treats,1
joy,1
Darling,1
youGive,1
Empire,1
State,1
taken,1
sunglasses,1
scar,1
subtle,1
holes,1
angels,1
arrived,1
choir,1
tonightSome,1
cashing,1
draw,1
hype,1
Save,1
jack,1
martyr,1
Washed,1
swan,1
Five,1
bored,1
Ten,1
wants,1
dried,1
desert,1
nephew,1
terrible,1
agree,1
ohFeeling,1
Guided,1
carrying,1
Wish,1
prize,1
lostCon,1
Harlem,1
eyOne,1
miracles,1
swimming,1
spiritual,1
testify,1
sinner,1
Open,1
gates,1
squirrel,1
Pretty,1
smiling,1
oohSame,1
breaks,1
Hmmm,1
selfish,1
Caused,1
haunts,1
sounds,1
Mmm,1
Although,1
buys,1
manLike,1
legend,1
phoenix,1
beginnings,1
present,1
ribbon,1
funked,1
luckyI,1
homeNow,1
wack,1
hip-hop,1
bloody,1
pen,1
pad,1
rag,1
addiction,1
magician,1
critics,1
crickets,1
fence,1
impaled,1
pale,1
pigment,1
'Bout,1
bish,1
Kendrick,1
vintage,1
MCing,1
Vinci,1
MC,1
Ren,1
Stimpy,1
PE,1
gym,1
Khakis,1
Nike,1
crispy,1
laced,1
aftershave,1
cologne,1
faint,1
Plus,1
showed,1
fresher,1
chess,1
mate,1
Yessiree,1
P-p-p-pow,1
br-bow-bow,1
t-t-towel,1
Dumb,1
Question,1
bozos,1
powerful,1
cough,1
syrup,1
Styrofoam,1
Monte,1
Carlo,1
Kardashian,1
Lamar,1
Bars,1
drugs,1
codeine,1
Mathers,1
soap,1
lathered,1
Arthur,1
Cargo,1
fixin,1
absurd,1
bird-brained,1
Birdman,1
Word,1
w-word,1
discouraged,1
bikini,1
tanned,1
legs,1
southern,1
Tucker,1
hopped,1
Fire,1
KC,1
Grabbed,1
guitar,1
strummed,1
chords,1
sang,1
bumpin,1
yeahI,1
ash,1
brow,1
rust,1
chemicals,1
flag,1
dye,1
revolution,1
suppose,1
painted,1
radioactiveYou,1
food,1
Ohhh,1
Air,1
laundry,1
Blue,1
Hammer,1
damnit,1
enticing,1
Tyson,1
Thirty,1
mil,1
pigeons,1
cheating,1
Fool,1
murder,1
Kurt,1
Cobain,1
contagious,1
Photo,1
shoots,1
paparazzi,1
store,1
cornered,1
Sliding,1
Curtains,1
chain,1
person,1
Camera,1
snapping,1
birthed,1
iris,1
IRS,1
survived,1
Living,1
Vanilla,1
wafers,1
villa,1
Illest,1
Thriller,1
lungs,1
tattooed,1
sleeve,1
GrailNicki,1
Kia,1
incline,1
tour,1
letters,1
ether,1
Buns,1
Weiner,1
Selener,1
East,1
confessions,1
priest,1
Beast,1
deceased,1
uhJustin,1
JT,1
oven,1
oww,1
study,1
doozie,1
aww,1
habit,1
killer,1
thriller,1
classic,1
Hov,1
Green,1
card,1
Cuban,1
links,1
sit,1
exceeds,1
excess,1
Stout,1
gout,1
restaurant,1
rant,1
disturbing,1
guests,1
Years,1
truffle,1
season,1
Ford,1
tuxedos,1
saints,1
Wang,1
Ass,1
denim,1
Dunks,1
vapors,1
doubles,1
cuff,1
farther,1
l-love,1
L-l-let,1
Ba,1
yeah.Are,1
glare,1
Parallel,1
sample,1
Yesterday,1
history,1
inspiration,1
Scared,1
boat,1
quietly,1
Agreed,1
politely,1
stood,1
floatin,1
butterfly,1
Stinging,1
bee,1
earned,1
stripes,1
zero,1
Roar,1
gong,1
critic,1
I.V,1
bear,1
vein,1
overheard,1
theory,1
Nostalgia,1
geeks,1
sir,1
A-R-T-P-O-PAlright,1
Return,1
internet,1
pimp,1
humble,1
cautious,1
Rocky,1
Cosby,1
Sweater,1
Gang,1
Nope,1
copy,1
Yup,1
moonwalkin,1
posse,1
Broadway,1
Grown,1
shed,1
stage,1
Barker,1
Plinko,1
craft,1
torch,1
Trust,1
I-N-D-E-P-E-N-D-E-N-T,1
Chasing,1
fourteen,1
four,1
busing,1
backpack,1
Fat,1
crushin,1
grateful,1
grew,1
fronts,1
Wu-Tang,1
eating,1
speed,1
shark,1
Shark,1
Week,1
Raw,1
Gone,1
Rome,1
Caesar,1
throne,1
validation,1
Sing,1
Learn,1
failure,1
humility,1
marching,1
Mack-le-more,1
usHey,1
Macklemore,1
Ice,1
frosty,1
cold-ass,1
honky,1
mezzanine,1
Dressed,1
pink,1
except,1
gator,1
green,1
Draped,1
leopard,1
mink,1
washed,1
smells,1
Kelly,1
Piss,1
ninety-nine,1
Bag,1
copping,1
washing,1
compliments,1
Passing,1
moccasins,1
Bummy,1
grudgy,1
flossing,1
Saving,1
bargain,1
hand-me-downs,1
Velour,1
jumpsuit,1
slippers,1
Dookie,1
brown,1
leather,1
jacket,1
skeet,1
blanket,1
knee,1
board,1
ace,1
Mello,1
John,1
Pro,1
Wings,1
sneaker,1
Velcros,1
rocking,1
noggin,1
knowing,1
fur,1
fox,1
luggage,1
donating,1
plaid,1
button-,1
Up,1
sucker,1
section,1
grammy,1
aunty,1
mammy,1
flannel,1
zebra,1
jammies,1
secondhand,1
built-in,1
onesie,1
Gucci,1
Limited,1
edition,1
simple,1
addition,1
Fifty,1
ignorant,1
swindled,1
pimped,1
tricked,1
dough,1
Peep,1
telescope,1
grandma,1
Made-It,1
sweaty,1
'Til,1
homegirls,1
butts,1
Shaking,1
Forget,1
Getting,1
YeahWe,1
clawed,1
chained,1
ashes,1
meMaybe,1
stole,1
Through,1
guards,1
owned,1
Rose,1
dentist,1
everAh,1
í™”ëÅˆí•´ì•_,1
ë§êëÅ”í•´ì•_,1
ì•„ë_¬ê_Œë_¬,1
í•˜ë©´,1
ê_Œë_¬í•´,1
í•´,1
ìù´ì‚¬ë_Œìœ_ë¡œ,1
ë§êì”€,1
ë“œë_¬ì_êë©´,1
ì_©ê¸°,1
íŒ¨ê¸°,1
ë˜˜ëÅ_,1
ë©‹ìŸÅìù´,1
ë„ˆê°€,1
ë“£ê_ í”ˆë§ê,1
í•˜ê_ í”ˆê_Œ,1
ë‚œëç°,1
ë¯¸ëÅˆí•´ì•_í•˜ë_”ê±´ì§€,1
ìŒ”ëÅˆí•´ì•_í•˜ë_”ê±´ì§€,1
ë‹¬ë§Å,1
ë_¨ë_¬ì™€ì„œ,1
ë‚œë_¬í•´,1
ë‚¬ì–´,1
ë_¨ë_¬í•´,1
ë„ˆìù˜,1
í—ˆë_¬,1
ë‹_ë_¬,1
ì¢…ì•„ë_¬,1
ë¶€ë“œëŸ_ê_Œ,1
ì•„ì£_,1
ê·¸ëƒ¥,1
í—‰ì†Œë_¬ë‚˜ê_Œ,1
ì•…ì†Œë_¬,1
ë‚˜ê_Œ,1
mafia,1
gentlemanRihanna,1
hot-headed,1
hole,1
Funny,1
ohShine,1
Palms,1
moonshine,1
warmth,1
diamondPharrell,1
Wooh,1
page,1
deaf,1
T.I,1
Hustle,1
gang,1
Malibu,1
passing,1
casual,1
unbearable,1
Pharcyde,1
salute,1
women,1
refuse,1
rump,1
up-a,1
Jamaica,1
Dakota,1
heyOnce,1
sights,1
Pretends,1
moved,1
whispers,1
notch,1
belt,1
realise,1
joke,1
saddest,1
creeping,1
bleed,1
Chinatown,1
Canal,1
Bowery,1
learning,1
crawl,1
somethingIf,1
fake,1
deadly,1
highway,1
lethal,1
moreUh,1
Smart,1
bettin,1
forgettin,1
Understand,1
biggie,1
stressin,1
presence,1
exit,1
learned,1
lesson,1
half-steppin,1
listenin,1
knowin,1
yous,1
99,1
problems,1
problemI,1
Many,1
vices,1
filthy,1
Cigars,1
cigars,1
grill,1
Flashing,1
complaints,1
fluorescent,1
Eleven,1
rubbing,1
rub-rubbing,1
reverend,1
Armand,1
de,1
Brignac,1
wash,1
rags,1
hoarse,1
Surfboard,1
Graining,1
Benz,1
Serving,1
swerve,1
surfing,1
D'ussÃ©,1
thus,1
Talking,1
repping,1
Third,1
sling,1
Clint,1
Eastwood,1
curve,1
Foreplay,1
foyer,1
fucked,1
Warhol,1
Slid,1
drawers,1
charge,1
'97,1
Ike,1
Turner,1
heights,1
G3,1
flights,1
breasteses,1
breakfast,1
attire,1
watermelon,1
loveI,1
Newsweek,1
beggars,1
choosey,1
receive,1
Fame,1
inflated,1
seep,1
confusing,1
Lee,1
leaf,1
Abused,1
tool,1
lottery,1
wee,1
Ironic,1
shrink,1
cuckoo,1
cuckier,1
Kool,1
actually,1
weirder,1
poet,1
seize,1
squander,1
conjuring,1
spawn,1
ponder,1
wanders,1
Yodel-odel-ay-hee-hoo,1
wandering,1
yonder,1
stumbled,1
Jeff,1
VanVonderen,1
intervention,1
intervene,1
conflict,1
conquer,1
OCD,1
conking,1
knocking,1
sleepwalking,1
relaying,1
messenger,1
amongst,1
regular,1
civilian,1
killed,1
MCs,1
spilled,1
Pumped,1
children,1
relates,1
Russell,1
Wilson,1
draft,1
Straw,1
chump,1
Rumpelstiltskin,1
straitjacket,1
facts,1
nuts,1
nothingThe,1
glows,1
footprint,1
kingdom,1
isolation,1
howling,1
swirling,1
Conceal,1
slam,1
fears,1
controlled,1
flurries,1
spiraling,1
frozen,1
fractals,1
crystallizes,1
icy,1
dawn,1
anywayRita,1
twisted,1
mouse,1
astray,1
liking,1
B-by,1
m-me,1
mirrored,1
Black-black,1
l-l-l-love,1
praise,1
hallelujah,1
plead,1
fiend,1
gasping,1
scan,1
attraction,1
Bla-bla-black,1
Murda,1
Bizness,1
physics,1
Cup,1
Ace,1
Cris,1
heels,1
Takin,1
Rooftop,1
'88,1
hooks,1
Champagne,1
spillin,1
retarded,1
depart,1
Swagger,1
department,1
Better,1
rewind,1
Trash,1
mini,1
Film,1
deluxe,1
expensive,1
clutch,1
Slaying,1
class,1
riding,1
comfortable,1
Haiti,1
habla,1
ingles,1
conversations,1
Uno,1
Met,1
Tres,1
tho,1
Quatro,1
Chainz,1
Cadenas,1
Sold,1
arenas,1
suck,1
penis,1
Gilbert,1
Arenas,1
guns,1
Chest,1
International,1
oral,1
threat,1
pet,1
haHey,1
Patty,1
patty,1
famous,1
Instagram,1
Alley,1
oop,1
dunk,1
Tired,1
Misbehave,1
dip,1
bubble,1
Taste,1
K,1
Completely,1
separated,1
deeply,1
penetrated,1
ate,1
Overstated,1
underrated,1
O,1
double,1
youJessie,1
send,1
overdrive,1
bat,1
graduate,1
Mouth,1
Seat,1
girlfriends,1
Myx,1
moscato,1
frizz,1
throttle,1
Swimming,1
grotto,1
lotto,1
pot,1
Kitten,1
dripping,1
Batman,1
robbin,1
cockin,1
dominant,1
prominent,1
Ari,1
Ride,1
Harley,1
Ferrari,1
ranging,1
slanging,1
karaoke,1
B-,1
B-bang,1
uhuh,1
Drawing,1
kicking,1
magical,1
dizzy,1
gives,1
mood,1
downfall,1
distraction,1
ringing,1
Cards,1
showing,1
Risking,1
ohJuicy,1
rave,1
carefully,1
capable,1
Aphrodite,1
Mark,1
levitate,1
Jeffrey,1
Dahmer,1
steroids,1
pie,1
freezer,1
fairy,1
tale,1
knight,1
armor,1
Sleeping,1
coma,1
sprung,1
roller,1
coaster,1
Turned,1
bedroom,1
li'l,1
messed,1
backI,1
flesh,1
movies,1
address,1
torn-up,1
postcode,1
envy,1
count,1
fantasySaturday,1
raced,1
old-fashioned,1
Standing,1
altar,1
galaxy,1
means,1
enemies,1
entirely,1
yeahMy,1
toy,1
Troy,1
Detroit,1
coins,1
outs,1
palace,1
McQueen,1
stylish,1
Gun,1
purse,1
Bitch,1
pushin,1
daffodils,1
pill,1
motorcycles,1
Dick,1
tower,1
Eiffel,1
country-ass,1
rifle,1
Pussy,1
NyQuil,1
cocaine,1
toss,1
salad,1
Romaine,1
Balmain,1
D-d-do,1
D-d-d-d-do,1
motherfucking,1
grow,1
prediction,1
decide,1
Fight,1
seeLately,1
vine,1
Seek,1
ye,1
shall,1
four-letter,1
drowns,1
learntWell,1
Hoping,1
surely,1
dies,1
empty,1
dived,1
goIt,1
Sunshine,1
news,1
warn,1
offense,1
onIt,1
Timber,1
biggity,1
diggity,1
dog,1
Miley,1
Cyrus,1
Twerkin,1
bras,1
thongs,1
Face,1
says,1
hotels,1
Blessed,1
LeBron,1
Voli,1
Order,1
clown,1
one-night,1
emotional,1
self,1
meI,1
bathtub,1
clubs,1
restless,1
munchies,1
binge,1
Twinkies,1
drank,1
dazed,1
daddies,1
daytime,1
Loosen,1
frown,1
greasy,1